-- ----------------------------
-- 角色管理 初始化
-- Table structure for system_role
-- ----------------------------

INSERT INTO `system_role` (id, description, modifier, update_datetime, create_datetime, roleName, roleKey, roleSort, status, admin, dataScope, remark, creator_id, dept_belong_id) VALUES (1, '', 'admin', '2021-02-27 08:48:23.225361', '2021-02-27 08:48:08.064911', '超级管理员', 'admin', 1, '1', 1, '2', NULL, 1, 1);
INSERT INTO `system_role` (id, description, modifier, update_datetime, create_datetime, roleName, roleKey, roleSort, status, admin, dataScope, remark, creator_id, dept_belong_id) VALUES (2, '', 'admin', '2021-02-27 08:49:05.149632', '2021-02-27 08:48:47.317214', '普通角色', 'common', 2, '1', 0, '2', NULL, 1, 1);

INSERT INTO `system_role_dept` (id, role_id, dept_id) VALUES (1, 1, 1);
INSERT INTO `system_role_dept` (id, role_id, dept_id) VALUES (2, 1, 2);
INSERT INTO `system_role_dept` (id, role_id, dept_id) VALUES (3, 1, 3);
INSERT INTO `system_role_dept` (id, role_id, dept_id) VALUES (4, 1, 4);
INSERT INTO `system_role_dept` (id, role_id, dept_id) VALUES (5, 1, 5);
INSERT INTO `system_role_dept` (id, role_id, dept_id) VALUES (6, 1, 6);
INSERT INTO `system_role_dept` (id, role_id, dept_id) VALUES (7, 1, 7);
INSERT INTO `system_role_dept` (id, role_id, dept_id) VALUES (8, 1, 8);
INSERT INTO `system_role_dept` (id, role_id, dept_id) VALUES (9, 1, 9);
INSERT INTO `system_role_dept` (id, role_id, dept_id) VALUES (10, 1, 10);
INSERT INTO `system_role_dept` (id, role_id, dept_id) VALUES (11, 1, 11);
INSERT INTO `system_role_dept` (id, role_id, dept_id) VALUES (12, 1, 12);
INSERT INTO `system_role_dept` (id, role_id, dept_id) VALUES (13, 1, 13);
INSERT INTO `system_role_dept` (id, role_id, dept_id) VALUES (14, 1, 14);
INSERT INTO `system_role_dept` (id, role_id, dept_id) VALUES (15, 1, 15);
INSERT INTO `system_role_dept` (id, role_id, dept_id) VALUES (16, 1, 16);
INSERT INTO `system_role_dept` (id, role_id, dept_id) VALUES (17, 2, 1);
INSERT INTO `system_role_dept` (id, role_id, dept_id) VALUES (18, 2, 2);
INSERT INTO `system_role_dept` (id, role_id, dept_id) VALUES (19, 2, 3);
INSERT INTO `system_role_dept` (id, role_id, dept_id) VALUES (20, 2, 4);
INSERT INTO `system_role_dept` (id, role_id, dept_id) VALUES (21, 2, 5);
INSERT INTO `system_role_dept` (id, role_id, dept_id) VALUES (22, 2, 6);
INSERT INTO `system_role_dept` (id, role_id, dept_id) VALUES (23, 2, 7);
INSERT INTO `system_role_dept` (id, role_id, dept_id) VALUES (24, 2, 8);
INSERT INTO `system_role_dept` (id, role_id, dept_id) VALUES (25, 2, 9);
INSERT INTO `system_role_dept` (id, role_id, dept_id) VALUES (26, 2, 10);
INSERT INTO `system_role_dept` (id, role_id, dept_id) VALUES (27, 2, 11);
INSERT INTO `system_role_dept` (id, role_id, dept_id) VALUES (28, 2, 12);
INSERT INTO `system_role_dept` (id, role_id, dept_id) VALUES (29, 2, 13);
INSERT INTO `system_role_dept` (id, role_id, dept_id) VALUES (30, 2, 14);
INSERT INTO `system_role_dept` (id, role_id, dept_id) VALUES (31, 2, 15);
INSERT INTO `system_role_dept` (id, role_id, dept_id) VALUES (32, 2, 16);

-- ----------------------------
-- Records of system_role_menu
-- ----------------------------
INSERT INTO `system_role_menu` (id, role_id, menu_id) VALUES (1, 1, 1);
INSERT INTO `system_role_menu` (id, role_id, menu_id) VALUES (2, 1, 2);
INSERT INTO `system_role_menu` (id, role_id, menu_id) VALUES (3, 1, 3);
INSERT INTO `system_role_menu` (id, role_id, menu_id) VALUES (4, 1, 4);
INSERT INTO `system_role_menu` (id, role_id, menu_id) VALUES (5, 1, 5);
INSERT INTO `system_role_menu` (id, role_id, menu_id) VALUES (6, 1, 6);
INSERT INTO `system_role_menu` (id, role_id, menu_id) VALUES (7, 1, 7);
INSERT INTO `system_role_menu` (id, role_id, menu_id) VALUES (8, 1, 8);
INSERT INTO `system_role_menu` (id, role_id, menu_id) VALUES (9, 1, 9);
INSERT INTO `system_role_menu` (id, role_id, menu_id) VALUES (10, 1, 10);
INSERT INTO `system_role_menu` (id, role_id, menu_id) VALUES (11, 2, 1);
INSERT INTO `system_role_menu` (id, role_id, menu_id) VALUES (12, 2, 2);
INSERT INTO `system_role_menu` (id, role_id, menu_id) VALUES (13, 2, 3);
INSERT INTO `system_role_menu` (id, role_id, menu_id) VALUES (14, 2, 4);
INSERT INTO `system_role_menu` (id, role_id, menu_id) VALUES (15, 2, 5);
INSERT INTO `system_role_menu` (id, role_id, menu_id) VALUES (16, 2, 6);
INSERT INTO `system_role_menu` (id, role_id, menu_id) VALUES (17, 2, 7);
INSERT INTO `system_role_menu` (id, role_id, menu_id) VALUES (18, 2, 8);
INSERT INTO `system_role_menu` (id, role_id, menu_id) VALUES (19, 2, 9);
INSERT INTO `system_role_menu` (id, role_id, menu_id) VALUES (20, 2, 10);
INSERT INTO `system_role_menu` (id, role_id, menu_id) VALUES (21, 1, 11);
INSERT INTO `system_role_menu` (id, role_id, menu_id) VALUES (22, 1, 13);
INSERT INTO `system_role_menu` (id, role_id, menu_id) VALUES (23, 1, 14);
INSERT INTO `system_role_menu` (id, role_id, menu_id) VALUES (24, 1, 15);
INSERT INTO `system_role_menu` (id, role_id, menu_id) VALUES (25, 1, 16);
INSERT INTO `system_role_menu` (id, role_id, menu_id) VALUES (26, 1, 17);
INSERT INTO `system_role_menu` (id, role_id, menu_id) VALUES (27, 1, 18);
INSERT INTO `system_role_menu` (id, role_id, menu_id) VALUES (28, 1, 19);
INSERT INTO `system_role_menu` (id, role_id, menu_id) VALUES (29, 1, 20);
INSERT INTO `system_role_menu` (id, role_id, menu_id) VALUES (30, 1, 21);
INSERT INTO `system_role_menu` (id, role_id, menu_id) VALUES (31, 1, 22);
INSERT INTO `system_role_menu` (id, role_id, menu_id) VALUES (32, 1, 23);
INSERT INTO `system_role_menu` (id, role_id, menu_id) VALUES (33, 1, 24);
INSERT INTO `system_role_menu` (id, role_id, menu_id) VALUES (34, 1, 25);
INSERT INTO `system_role_menu` (id, role_id, menu_id) VALUES (35, 1, 26);
INSERT INTO `system_role_menu` (id, role_id, menu_id) VALUES (36, 1, 27);
INSERT INTO `system_role_menu` (id, role_id, menu_id) VALUES (37, 1, 28);
INSERT INTO `system_role_menu` (id, role_id, menu_id) VALUES (38, 1, 29);
INSERT INTO `system_role_menu` (id, role_id, menu_id) VALUES (39, 1, 30);
INSERT INTO `system_role_menu` (id, role_id, menu_id) VALUES (40, 1, 31);
INSERT INTO `system_role_menu` (id, role_id, menu_id) VALUES (41, 1, 32);
INSERT INTO `system_role_menu` (id, role_id, menu_id) VALUES (42, 1, 33);
INSERT INTO `system_role_menu` (id, role_id, menu_id) VALUES (43, 1, 34);
INSERT INTO `system_role_menu` (id, role_id, menu_id) VALUES (44, 1, 35);
INSERT INTO `system_role_menu` (id, role_id, menu_id) VALUES (45, 1, 36);
INSERT INTO `system_role_menu` (id, role_id, menu_id) VALUES (46, 1, 37);
INSERT INTO `system_role_menu` (id, role_id, menu_id) VALUES (47, 1, 38);
INSERT INTO `system_role_menu` (id, role_id, menu_id) VALUES (48, 1, 39);
INSERT INTO `system_role_menu` (id, role_id, menu_id) VALUES (49, 1, 40);
INSERT INTO `system_role_menu` (id, role_id, menu_id) VALUES (50, 1, 41);
INSERT INTO `system_role_menu` (id, role_id, menu_id) VALUES (51, 1, 42);
INSERT INTO `system_role_menu` (id, role_id, menu_id) VALUES (52, 1, 43);
INSERT INTO `system_role_menu` (id, role_id, menu_id) VALUES (53, 1, 44);
INSERT INTO `system_role_menu` (id, role_id, menu_id) VALUES (54, 1, 45);
INSERT INTO `system_role_menu` (id, role_id, menu_id) VALUES (55, 1, 46);
INSERT INTO `system_role_menu` (id, role_id, menu_id) VALUES (56, 1, 47);
INSERT INTO `system_role_menu` (id, role_id, menu_id) VALUES (57, 1, 48);
INSERT INTO `system_role_menu` (id, role_id, menu_id) VALUES (58, 1, 49);
INSERT INTO `system_role_menu` (id, role_id, menu_id) VALUES (59, 1, 50);
INSERT INTO `system_role_menu` (id, role_id, menu_id) VALUES (60, 1, 51);
INSERT INTO `system_role_menu` (id, role_id, menu_id) VALUES (61, 1, 52);
INSERT INTO `system_role_menu` (id, role_id, menu_id) VALUES (62, 1, 53);
INSERT INTO `system_role_menu` (id, role_id, menu_id) VALUES (63, 1, 54);
INSERT INTO `system_role_menu` (id, role_id, menu_id) VALUES (64, 1, 55);
INSERT INTO `system_role_menu` (id, role_id, menu_id) VALUES (65, 1, 56);
INSERT INTO `system_role_menu` (id, role_id, menu_id) VALUES (66, 1, 57);
INSERT INTO `system_role_menu` (id, role_id, menu_id) VALUES (67, 1, 58);
INSERT INTO `system_role_menu` (id, role_id, menu_id) VALUES (68, 1, 59);
INSERT INTO `system_role_menu` (id, role_id, menu_id) VALUES (69, 1, 60);
INSERT INTO `system_role_menu` (id, role_id, menu_id) VALUES (74, 1, 61);
INSERT INTO `system_role_menu` (id, role_id, menu_id) VALUES (75, 1, 62);
INSERT INTO `system_role_menu` (id, role_id, menu_id) VALUES (76, 1, 63);
INSERT INTO `system_role_menu` (id, role_id, menu_id) VALUES (70, 1, 64);
INSERT INTO `system_role_menu` (id, role_id, menu_id) VALUES (71, 1, 65);
INSERT INTO `system_role_menu` (id, role_id, menu_id) VALUES (79, 1, 66);
INSERT INTO `system_role_menu` (id, role_id, menu_id) VALUES (80, 1, 70);
INSERT INTO `system_role_menu` (id, role_id, menu_id) VALUES (81, 1, 71);
INSERT INTO `system_role_menu` (id, role_id, menu_id) VALUES (82, 1, 72);
INSERT INTO `system_role_menu` (id, role_id, menu_id) VALUES (83, 1, 73);
INSERT INTO `system_role_menu` (id, role_id, menu_id) VALUES (84, 1, 74);
INSERT INTO `system_role_menu` (id, role_id, menu_id) VALUES (85, 1, 75);
INSERT INTO `system_role_menu` (id, role_id, menu_id) VALUES (86, 1, 76);
INSERT INTO `system_role_menu` (id, role_id, menu_id) VALUES (72, 1, 77);
INSERT INTO `system_role_menu` (id, role_id, menu_id) VALUES (73, 1, 78);
INSERT INTO `system_role_menu` (id, role_id, menu_id) VALUES (92, 1, 79);
INSERT INTO `system_role_menu` (id, role_id, menu_id) VALUES (93, 1, 80);
INSERT INTO `system_role_menu` (id, role_id, menu_id) VALUES (94, 1, 81);
INSERT INTO `system_role_menu` (id, role_id, menu_id) VALUES (88, 1, 82);
INSERT INTO `system_role_menu` (id, role_id, menu_id) VALUES (89, 1, 83);
INSERT INTO `system_role_menu` (id, role_id, menu_id) VALUES (77, 1, 85);
INSERT INTO `system_role_menu` (id, role_id, menu_id) VALUES (78, 1, 86);
INSERT INTO `system_role_menu` (id, role_id, menu_id) VALUES (95, 1, 87);
INSERT INTO `system_role_menu` (id, role_id, menu_id) VALUES (96, 1, 88);
INSERT INTO `system_role_menu` (id, role_id, menu_id) VALUES (97, 1, 90);
INSERT INTO `system_role_menu` (id, role_id, menu_id) VALUES (98, 1, 91);
INSERT INTO `system_role_menu` (id, role_id, menu_id) VALUES (99, 2, 97);
INSERT INTO `system_role_menu` (id, role_id, menu_id) VALUES (100, 1, 97);
